{
  "session_id": "4bc4fabea4f940fc9e5b25459900a69c",
  "created_at": "2026-03-28T20:54:14",
  "video_file": "/home/vedant/Facial_analysis/reports/api_uploads/4bc4fabea4f940fc9e5b25459900a69c.mp4",
  "training_report": "/home/vedant/Facial_analysis/reports/model_training/run_20260324_171117/training_report.json",
  "mode": "balanced",
  "frame_stride": 2,
  "min_duration_seconds": 150.0,
  "allow_short": true,
  "frames_with_face": 485,
  "frames_used_for_features": 243,
  "duration_seconds": 23.069333333333333,
  "vector_feature_count": 63,
  "vector": {
    "nod_onset_latency__mean": 0.987383202876253,
    "reaction_time_instability_index__range": 1.3697410541980388,
    "speech_onset_delay__min": 0.0,
    "pause_duration_mean__range": 0.7776666666666666,
    "baseline_eye_openness__max": 0.594910375762862,
    "reaction_time_instability_index__slope": 0.073356761890531,
    "extended_silence_ratio__max": 0.16666666666666666,
    "au4_mean_activation__slope": -0.0002417421515939805,
    "au4_duration_ratio__std": 0.0013373107975216125,
    "nod_onset_latency__min": 0.0,
    "facial_transition_frequency__mean": 0.4312757201646091,
    "response_latency_mean__min": 0.0,
    "gaze_shift_frequency__range": 1.6,
    "extended_silence_ratio__slope": 0.008772281094417812,
    "blink_cluster_density__mean": 0.0,
    "au12_variance__min": 0.0,
    "speech_onset_delay__mean": 0.2854979423868315,
    "speech_onset_delay__max": 4.559999999999999,
    "head_motion_energy__min": 0.0,
    "au4_duration_ratio__mean": 0.9829975597190104,
    "head_velocity_peak__min": 0.0,
    "extended_silence_ratio__mean": 0.06101534496596223,
    "blink_rate__range": 1.0,
    "landmark_displacement_mean__max": 0.11710598924065536,
    "au12_activation_frequency__mean": 0.022085048010973933,
    "response_latency_mean__slope": 0.029420921730955972,
    "micro_motion_energy__max": 192.43515933365762,
    "landmark_displacement_mean__std": 0.019865946776230926,
    "speech_onset_delay__slope": 0.0111779225342654,
    "lip_compression_frequency__slope": 0.0,
    "au20_activation_rate__slope": 0.0015581156097466064,
    "nod_onset_latency__slope": 0.061434387223252035,
    "overall_au_variance__slope": 0.0002755630523913841,
    "baseline_eye_openness__std": 0.058810202524249976,
    "micro_motion_energy__std": 28.787238045569662,
    "motion_energy_floor_score__slope": -0.018483519534757843,
    "au12_variance__slope": 0.0003099079297829321,
    "pause_duration_mean__slope": 0.029420921730955972,
    "head_motion_energy__slope": 0.47636839303495065,
    "extended_silence_ratio__min": 0.0,
    "au4_duration_ratio__slope": 9.43944885323449e-05,
    "micro_motion_energy__slope": 0.4244274051622293,
    "au12_mean_amplitude__slope": -0.0005632838581257108,
    "au12_activation_frequency__slope": 0.0013117167266757438,
    "posture_rigidity_index__slope": -0.002638465108711662,
    "gesture_frequency__slope": 0.03449287430701432,
    "blink_cluster_density__slope": 0.0,
    "facial_transition_frequency__slope": 0.017303788233492347,
    "facial_transition_frequency__min": 0.0,
    "blink_rate__slope": 0.030594697744398464,
    "landmark_displacement_mean__slope": 0.00018065712609123823,
    "mean_head_velocity__slope": 0.007487936858854086,
    "near_zero_au_activation_ratio__slope": 0.0034349619470631977,
    "downward_gaze_frequency__slope": 0.0018752928480489845,
    "facial_emotional_range__slope": 0.0011278097744770801,
    "blink_duration__slope": 0.01407356096242332,
    "eye_contact_ratio__slope": 1.2223189039295375e-05,
    "head_velocity_peak__slope": 0.10114529631486954,
    "au1_au2_peak_intensity__slope": -0.0006163022639887448,
    "au15_mean_amplitude__slope": -0.0005253909060316559,
    "gaze_shift_frequency__slope": 0.05441229295845647,
    "blink_rate__std": 0.3197306113649825,
    "baseline_eye_openness__slope": -0.001090812936034234
  }
}